Model,Scenario,Region,Variable,Unit,2020,2025,2030,2035,2040,2045,2050,2055,2060,2065,2070,2075,2080,2085,2090,2095,2100
GCAM 6.0 NGFS,Below 2°C,GCAM 6.0 NGFS|India,Price|Carbon,US$2010/t CO2,0,0,87.52362071,129.3648585,174.428342,257.1045375,390.6429361,518.7261725,691.2614348,883.376574,1114.126415,1626.692534,1350.635287,1157.027678,1053.78269,996.0168027,924.7261236
GCAM 6.0 NGFS,Below 2°C,GCAM 6.0 NGFS|India,Price|Carbon|Demand|Industry,US$2010/t CO2,0,0,87.52362071,129.3648585,174.428342,257.1045375,390.6429361,518.7261725,691.2614348,883.376574,1114.126415,1626.692534,1350.635287,1157.027678,1053.78269,996.0168027,924.7261236
GCAM 6.0 NGFS,Below 2°C,GCAM 6.0 NGFS|India,Price|Carbon|Demand|Residential and Commercial,US$2010/t CO2,0,0,87.52362071,129.3648585,174.428342,257.1045375,390.6429361,518.7261725,691.2614348,883.376574,1114.126415,1626.692534,1350.635287,1157.027678,1053.78269,996.0168027,924.7261236
GCAM 6.0 NGFS,Below 2°C,GCAM 6.0 NGFS|India,Price|Carbon|Demand|Transportation,US$2010/t CO2,0,0,87.52362071,129.3648585,174.428342,257.1045375,390.6429361,518.7261725,691.2614348,883.376574,1114.126415,1626.692534,1350.635287,1157.027678,1053.78269,996.0168027,924.7261236
GCAM 6.0 NGFS,Below 2°C,GCAM 6.0 NGFS|India,Price|Carbon|Supply,US$2010/t CO2,0,0,87.52362071,129.3648585,174.428342,257.1045375,390.6429361,518.7261725,691.2614348,883.376574,1114.126415,1626.692534,1350.635287,1157.027678,1053.78269,996.0168027,924.7261236
GCAM 6.0 NGFS,Current Policies,GCAM 6.0 NGFS|India,Price|Carbon,US$2010/t CO2,0,0,0,0,0,0,0,0,0,0,0,0,0,0,0,0,0
GCAM 6.0 NGFS,Current Policies,GCAM 6.0 NGFS|India,Price|Carbon|Demand|Industry,US$2010/t CO2,0,0,0,0,0,0,0,0,0,0,0,0,0,0,0,0,0
GCAM 6.0 NGFS,Current Policies,GCAM 6.0 NGFS|India,Price|Carbon|Demand|Residential and Commercial,US$2010/t CO2,0,0,0,0,0,0,0,0,0,0,0,0,0,0,0,0,0
GCAM 6.0 NGFS,Current Policies,GCAM 6.0 NGFS|India,Price|Carbon|Demand|Transportation,US$2010/t CO2,0,0,0,0,0,0,0,0,0,0,0,0,0,0,0,0,0
GCAM 6.0 NGFS,Current Policies,GCAM 6.0 NGFS|India,Price|Carbon|Supply,US$2010/t CO2,0,0,0,0,0,0,0,0,0,0,0,0,0,0,0,0,0
GCAM 6.0 NGFS,Delayed transition,GCAM 6.0 NGFS|India,Price|Carbon,US$2010/t CO2,0,0,0,81.05266984,129.285894,180.532997,278.7383171,467.3000558,795.7425684,1124.404197,1431.741289,1282.9119,1328.959338,1159.098945,1055.866359,973.2659449,911.4758058
GCAM 6.0 NGFS,Delayed transition,GCAM 6.0 NGFS|India,Price|Carbon|Demand|Industry,US$2010/t CO2,0,0,0,81.05266984,129.285894,180.532997,278.7383171,467.3000558,795.7425684,1124.404197,1431.741289,1282.9119,1328.959338,1159.098945,1055.866359,973.2659449,911.4758058
GCAM 6.0 NGFS,Delayed transition,GCAM 6.0 NGFS|India,Price|Carbon|Demand|Residential and Commercial,US$2010/t CO2,0,0,0,81.05266984,129.285894,180.532997,278.7383171,467.3000558,795.7425684,1124.404197,1431.741289,1282.9119,1328.959338,1159.098945,1055.866359,973.2659449,911.4758058
GCAM 6.0 NGFS,Delayed transition,GCAM 6.0 NGFS|India,Price|Carbon|Demand|Transportation,US$2010/t CO2,0,0,0,81.05266984,129.285894,180.532997,278.7383171,467.3000558,795.7425684,1124.404197,1431.741289,1282.9119,1328.959338,1159.098945,1055.866359,973.2659449,911.4758058
GCAM 6.0 NGFS,Delayed transition,GCAM 6.0 NGFS|India,Price|Carbon|Supply,US$2010/t CO2,0,0,0,81.05266984,129.285894,180.532997,278.7383171,467.3000558,795.7425684,1124.404197,1431.741289,1282.9119,1328.959338,1159.098945,1055.866359,973.2659449,911.4758058
GCAM 6.0 NGFS,Fragmented World,GCAM 6.0 NGFS|India,Price|Carbon,US$2010/t CO2,0,0.00578797,0,31.59413234,88.609692,126.525859,167.7490242,221.7797276,304.3008882,352.9388568,367.1797445,381.6794371,343.6065815,324.0448954,317.0604688,297.1508017,267.607926
GCAM 6.0 NGFS,Fragmented World,GCAM 6.0 NGFS|India,Price|Carbon|Demand|Industry,US$2010/t CO2,0,0.00578797,0,31.59413234,88.609692,126.525859,167.7490242,221.7797276,304.3008882,352.9388568,367.1797445,381.6794371,343.6065815,324.0448954,317.0604688,297.1508017,267.607926
GCAM 6.0 NGFS,Fragmented World,GCAM 6.0 NGFS|India,Price|Carbon|Demand|Residential and Commercial,US$2010/t CO2,0,0.00578797,0,31.59413234,88.609692,126.525859,167.7490242,221.7797276,304.3008882,352.9388568,367.1797445,381.6794371,343.6065815,324.0448954,317.0604688,297.1508017,267.607926
GCAM 6.0 NGFS,Fragmented World,GCAM 6.0 NGFS|India,Price|Carbon|Demand|Transportation,US$2010/t CO2,0,0.00578797,0,31.59413234,88.609692,126.525859,167.7490242,221.7797276,304.3008882,352.9388568,367.1797445,381.6794371,343.6065815,324.0448954,317.0604688,297.1508017,267.607926
GCAM 6.0 NGFS,Fragmented World,GCAM 6.0 NGFS|India,Price|Carbon|Supply,US$2010/t CO2,0,0.00578797,0,31.59413234,88.609692,126.525859,167.7490242,221.7797276,304.3008882,352.9388568,367.1797445,381.6794371,343.6065815,324.0448954,317.0604688,297.1508017,267.607926
GCAM 6.0 NGFS,Low demand,GCAM 6.0 NGFS|India,Price|Carbon,US$2010/t CO2,0,0,81.82453703,136.5733621,207.3284058,385.3849784,585.3953226,893.112767,1271.406241,1090.019519,1055.419859,1097.519075,1155.560015,1218.239599,1265.490109,1335.402713,1363.020179
GCAM 6.0 NGFS,Low demand,GCAM 6.0 NGFS|India,Price|Carbon|Demand|Industry,US$2010/t CO2,0,0,81.82453703,136.5733621,207.3284058,385.3849784,585.3953226,893.112767,1271.406241,1090.019519,1055.419859,1097.519075,1155.560015,1218.239599,1265.490109,1335.402713,1363.020179
GCAM 6.0 NGFS,Low demand,GCAM 6.0 NGFS|India,Price|Carbon|Demand|Residential and Commercial,US$2010/t CO2,0,0,81.82453703,136.5733621,207.3284058,385.3849784,585.3953226,893.112767,1271.406241,1090.019519,1055.419859,1097.519075,1155.560015,1218.239599,1265.490109,1335.402713,1363.020179
GCAM 6.0 NGFS,Low demand,GCAM 6.0 NGFS|India,Price|Carbon|Demand|Transportation,US$2010/t CO2,0,0,81.82453703,136.5733621,207.3284058,385.3849784,585.3953226,893.112767,1271.406241,1090.019519,1055.419859,1097.519075,1155.560015,1218.239599,1265.490109,1335.402713,1363.020179
GCAM 6.0 NGFS,Low demand,GCAM 6.0 NGFS|India,Price|Carbon|Supply,US$2010/t CO2,0,0,81.82453703,136.5733621,207.3284058,385.3849784,585.3953226,893.112767,1271.406241,1090.019519,1055.419859,1097.519075,1155.560015,1218.239599,1265.490109,1335.402713,1363.020179
GCAM 6.0 NGFS,Nationally Determined Contributions (NDCs),GCAM 6.0 NGFS|India,Price|Carbon,US$2010/t CO2,0,0,0,8.265014966,12.57800377,19.77956186,30.05903857,34.46546175,43.07738286,56.25659138,65.7571313,75.10263631,82.67247469,86.6967678,104.3686816,106.1659704,107.7830467
GCAM 6.0 NGFS,Nationally Determined Contributions (NDCs),GCAM 6.0 NGFS|India,Price|Carbon|Demand|Industry,US$2010/t CO2,0,0,0,8.265014966,12.57800377,19.77956186,30.05903857,34.46546175,43.07738286,56.25659138,65.7571313,75.10263631,82.67247469,86.6967678,104.3686816,106.1659704,107.7830467
GCAM 6.0 NGFS,Nationally Determined Contributions (NDCs),GCAM 6.0 NGFS|India,Price|Carbon|Demand|Residential and Commercial,US$2010/t CO2,0,0,0,8.265014966,12.57800377,19.77956186,30.05903857,34.46546175,43.07738286,56.25659138,65.7571313,75.10263631,82.67247469,86.6967678,104.3686816,106.1659704,107.7830467
GCAM 6.0 NGFS,Nationally Determined Contributions (NDCs),GCAM 6.0 NGFS|India,Price|Carbon|Demand|Transportation,US$2010/t CO2,0,0,0,8.265014966,12.57800377,19.77956186,30.05903857,34.46546175,43.07738286,56.25659138,65.7571313,75.10263631,82.67247469,86.6967678,104.3686816,106.1659704,107.7830467
GCAM 6.0 NGFS,Nationally Determined Contributions (NDCs),GCAM 6.0 NGFS|India,Price|Carbon|Supply,US$2010/t CO2,0,0,0,8.265014966,12.57800377,19.77956186,30.05903857,34.46546175,43.07738286,56.25659138,65.7571313,75.10263631,82.67247469,86.6967678,104.3686816,106.1659704,107.7830467
GCAM 6.0 NGFS,Net Zero 2050,GCAM 6.0 NGFS|India,Price|Carbon,US$2010/t CO2,0,0,125.975175,194.3443346,301.516461,556.9474482,816.7363637,1181.407437,1713.404598,1514.608488,1490.489188,1549.596768,1630.128107,1714.988022,1782.8189,1884.966365,1908.747234
GCAM 6.0 NGFS,Net Zero 2050,GCAM 6.0 NGFS|India,Price|Carbon|Demand|Industry,US$2010/t CO2,0,0,125.975175,194.3443346,301.516461,556.9474482,816.7363637,1181.407437,1713.404598,1514.608488,1490.489188,1549.596768,1630.128107,1714.988022,1782.8189,1884.966365,1908.747234
GCAM 6.0 NGFS,Net Zero 2050,GCAM 6.0 NGFS|India,Price|Carbon|Demand|Residential and Commercial,US$2010/t CO2,0,0,125.975175,194.3443346,301.516461,556.9474482,816.7363637,1181.407437,1713.404598,1514.608488,1490.489188,1549.596768,1630.128107,1714.988022,1782.8189,1884.966365,1908.747234
GCAM 6.0 NGFS,Net Zero 2050,GCAM 6.0 NGFS|India,Price|Carbon|Demand|Transportation,US$2010/t CO2,0,0,125.975175,194.3443346,301.516461,556.9474482,816.7363637,1181.407437,1713.404598,1514.608488,1490.489188,1549.596768,1630.128107,1714.988022,1782.8189,1884.966365,1908.747234
GCAM 6.0 NGFS,Net Zero 2050,GCAM 6.0 NGFS|India,Price|Carbon|Supply,US$2010/t CO2,0,0,125.975175,194.3443346,301.516461,556.9474482,816.7363637,1181.407437,1713.404598,1514.608488,1490.489188,1549.596768,1630.128107,1714.988022,1782.8189,1884.966365,1908.747234
GCAM 6.0 NGFS,Below 2°C,GCAM 6.0 NGFS|India,GDP|MER|Counterfactual without damage,billion US$2010/yr,2751.140829,3931.994274,5023.923978,5920.409126,7012.825163,8533.806584,9924.305078,11415.48018,13005.81655,14594.37416,16205.04765,17598.74558,19780.96111,22089.10832,24273.29255,26582.66733,28830.11511
GCAM 6.0 NGFS,Below 2°C,GCAM 6.0 NGFS|India,GDP|PPP|Counterfactual without damage,billion US$2010/yr,6569.604755,9389.483875,11996.96321,14137.78664,16746.46088,20378.48417,23698.97461,27259.70077,31057.34847,34850.7708,38697.17347,42025.12778,47236.2982,52748.11886,57963.68067,63478.7057,68845.5858
GCAM 6.0 NGFS,Below 2°C,GCAM 6.0 NGFS|India,Policy Cost|GDP Loss,billion US$2010/yr,0,0,70.62155398,-517.4738068,-940.933109,-644.2278247,-962.2830486,-1444.297605,-1891.623164,-2545.332896,-3348.163719,-4669.458642,-4208.822577,-3346.098413,-2779.743164,-1813.101564,-893.3302536
GCAM 6.0 NGFS,Current Policies,GCAM 6.0 NGFS|India,GDP|MER|Counterfactual without damage,billion US$2010/yr,2751.140829,3931.994274,4994.350051,6137.109005,7406.85465,8803.586986,10327.2757,12020.30526,13797.96736,15660.27714,17607.14366,19554.16176,21543.47339,23490.33991,25437.35802,27341.93101,29204.21047
GCAM 6.0 NGFS,Current Policies,GCAM 6.0 NGFS|India,GDP|PPP|Counterfactual without damage,billion US$2010/yr,6569.604755,9389.483875,11926.34166,14655.26045,17687.39399,21022.71199,24661.25766,28703.99838,32948.97163,37396.1037,42045.33719,46694.58642,51445.12078,56094.21727,60743.42383,65291.80726,69738.91605
GCAM 6.0 NGFS,Current Policies,GCAM 6.0 NGFS|India,Policy Cost|GDP Loss,billion US$2010/yr,0,0,0,0,0,0,0,0,0,0,0,0,0,0,0,0,0
GCAM 6.0 NGFS,Delayed transition,GCAM 6.0 NGFS|India,GDP|MER|Counterfactual without damage,billion US$2010/yr,2751.140829,3931.994274,4994.350051,6159.141582,7206.047164,8401.5334,9724.743308,11101.75371,12418.17062,14094.24943,15846.42929,17598.74558,19526.66508,21878.05709,24139.86022,26381.24716,28559.82963
GCAM 6.0 NGFS,Delayed transition,GCAM 6.0 NGFS|India,GDP|PPP|Counterfactual without damage,billion US$2010/yr,6569.604755,9389.483875,11926.34166,14707.87369,17207.87046,20062.61961,23222.42645,26510.53477,29654.07447,33656.49333,37840.80347,42025.12778,46629.04748,52244.13494,57645.04943,62997.71966,68200.15091
GCAM 6.0 NGFS,Delayed transition,GCAM 6.0 NGFS|India,Policy Cost|GDP Loss,billion US$2010/yr,0,0,0,52.6132354,-479.5235347,-960.0923764,-1438.831209,-2193.463611,-3294.897163,-3739.61037,-4204.533719,-4669.458642,-4816.073304,-3850.082335,-3098.374402,-2294.087599,-1538.76514
GCAM 6.0 NGFS,Fragmented World,GCAM 6.0 NGFS|India,GDP|MER|Counterfactual without damage,billion US$2010/yr,2751.140829,3931.994274,4994.350051,5977.751327,7059.422174,8460.753353,9872.112714,11476.57891,13195.97434,15045.81333,17052.71476,18957.26858,20996.39376,23004.59759,25009.61559,27035.60091,29038.08346
GCAM 6.0 NGFS,Fragmented World,GCAM 6.0 NGFS|India,GDP|PPP|Counterfactual without damage,billion US$2010/yr,6569.604755,9389.483875,11926.34166,14274.71836,16857.73344,20204.03516,23574.34064,27405.60204,31511.43735,35928.78917,40721.37741,45269.22845,50138.71224,54934.27939,59721.9915,64560.2991,69342.20896
GCAM 6.0 NGFS,Fragmented World,GCAM 6.0 NGFS|India,Policy Cost|GDP Loss,billion US$2010/yr,0,0,0,-380.5420884,-829.6605484,-818.6768335,-1086.917016,-1298.396335,-1437.534276,-1467.314533,-1323.959783,-1425.357966,-1306.408537,-1159.937877,-1021.432329,-731.508157,-396.7070927
GCAM 6.0 NGFS,Low demand,GCAM 6.0 NGFS|India,GDP|MER|Counterfactual without damage,billion US$2010/yr,2751.140829,3931.994274,4999.411963,5916.151436,7126.131005,8524.741982,10046.60701,11414.93614,12828.92866,14804.792,16768.31918,18559.48919,20360.1997,22217.4458,24101.00726,26297.53763,28569.86718
GCAM 6.0 NGFS,Low demand,GCAM 6.0 NGFS|India,GDP|PPP|Counterfactual without damage,billion US$2010/yr,6569.604755,9389.483875,11938.42934,14127.61939,17017.03256,20356.83816,23991.02834,27258.40162,30634.94756,35353.24004,40042.24921,44319.34658,48619.50131,53054.58484,57552.27008,62797.82352,68224.12031
GCAM 6.0 NGFS,Low demand,GCAM 6.0 NGFS|India,Policy Cost|GDP Loss,billion US$2010/yr,0,0,12.08767839,-527.6410633,-670.361434,-665.8738324,-670.229318,-1445.596761,-2314.024066,-2042.863665,-2003.087984,-2375.239844,-2825.619467,-3039.632433,-3191.153747,-2493.983739,-1514.79574
GCAM 6.0 NGFS,Nationally Determined Contributions (NDCs),GCAM 6.0 NGFS|India,GDP|MER|Counterfactual without damage,billion US$2010/yr,2751.140829,3931.994274,4994.350051,6121.260592,7378.41739,8782.765324,10277.74197,11973.25827,13741.65225,15529.02536,17382.11528,19256.01655,21173.0866,23135.01056,25052.23196,27094.37306,29101.53405
GCAM 6.0 NGFS,Nationally Determined Contributions (NDCs),GCAM 6.0 NGFS|India,GDP|PPP|Counterfactual without damage,billion US$2010/yr,6569.604755,9389.483875,11926.34166,14617.41484,17619.48649,20972.99046,24542.97244,28591.65209,32814.49349,37082.67981,41507.97609,45982.62711,50560.64906,55245.70159,59823.75773,64700.64542,69493.72736
GCAM 6.0 NGFS,Nationally Determined Contributions (NDCs),GCAM 6.0 NGFS|India,Policy Cost|GDP Loss,billion US$2010/yr,0,0,0,-37.84560692,-67.9075046,-49.72152922,-118.2852249,-112.3462938,-134.4781422,-313.423891,-537.3611016,-711.9593078,-884.4717177,-848.5156843,-919.6660963,-591.1618402,-245.1886878
GCAM 6.0 NGFS,Net Zero 2050,GCAM 6.0 NGFS|India,GDP|MER|Counterfactual without damage,billion US$2010/yr,2751.140829,3931.994274,4882.67781,5720.17344,6851.206145,7981.22271,9294.54813,10818.27473,12418.17062,14128.62332,16225.63252,18070.28525,19944.55306,21895.87716,23893.73499,25983.17414,28134.13009
GCAM 6.0 NGFS,Net Zero 2050,GCAM 6.0 NGFS|India,GDP|PPP|Counterfactual without damage,billion US$2010/yr,6569.604755,9389.483875,11659.67207,13659.62891,16360.51848,19058.9298,22195.13189,25833.59854,29654.07447,33738.5768,38746.32953,43151.14637,47626.95053,52286.68871,57057.31193,62047.13184,67183.59116
GCAM 6.0 NGFS,Net Zero 2050,GCAM 6.0 NGFS|India,Policy Cost|GDP Loss,billion US$2010/yr,0,0,-266.6695945,-995.631542,-1326.875508,-1963.782189,-2466.125766,-2870.399838,-3294.897163,-3657.526904,-3299.007656,-3543.440054,-3818.170254,-3807.528563,-3686.1119,-3244.675423,-2555.324891
GCAM 6.0 NGFS,Below 2°C,World,AR6 climate diagnostics|Surface Temperature (GSAT)|MAGICCv7.5.3|50.0th Percentile,K,1.24645482,1.396371551,1.514719728,1.630384115,1.714388347,1.761865047,1.809757247,1.821017523,1.847947338,1.839657562,1.84947282,1.823652434,1.808310485,1.788232577,1.767612416,1.769986789,1.75361745
GCAM 6.0 NGFS,Current Policies,World,AR6 climate diagnostics|Surface Temperature (GSAT)|MAGICCv7.5.3|50.0th Percentile,K,1.245759968,1.387072186,1.49709023,1.617752206,1.739409724,1.862228453,1.999018414,2.106114435,2.22976494,2.324274979,2.447386077,2.544462597,2.6513168,2.75380222,2.853729342,2.966268731,3.062612856
GCAM 6.0 NGFS,Delayed transition,World,AR6 climate diagnostics|Surface Temperature (GSAT)|MAGICCv7.5.3|50.0th Percentile,K,1.245821732,1.385285543,1.497815352,1.64342059,1.75409639,1.818653693,1.865115093,1.879246854,1.895088342,1.885995356,1.89297302,1.86680165,1.856405739,1.829198223,1.80625975,1.808746202,1.792246302
GCAM 6.0 NGFS,Fragmented World,World,AR6 climate diagnostics|Surface Temperature (GSAT)|MAGICCv7.5.3|50.0th Percentile,K,1.245894258,1.38653465,1.497133566,1.6232042,1.734627553,1.837410499,1.940139334,1.996786336,2.070238991,2.116027388,2.187714386,2.232354357,2.292980771,2.346464215,2.398934846,2.467278395,2.515253348
GCAM 6.0 NGFS,Low demand,World,AR6 climate diagnostics|Surface Temperature (GSAT)|MAGICCv7.5.3|50.0th Percentile,K,1.245664653,1.381152412,1.495636021,1.604192613,1.67574669,1.706884229,1.699344194,1.708187692,1.706031062,1.676656018,1.668318273,1.633324799,1.614870848,1.596557215,1.578491486,1.5731829,1.553824706
GCAM 6.0 NGFS,Nationally Determined Contributions (NDCs),World,AR6 climate diagnostics|Surface Temperature (GSAT)|MAGICCv7.5.3|50.0th Percentile,K,1.246161972,1.389691377,1.501357899,1.626105891,1.741446851,1.847217783,1.96711983,2.04618175,2.14663316,2.213419173,2.308518199,2.366983263,2.439156329,2.497688639,2.549732548,2.612338457,2.655928469
GCAM 6.0 NGFS,Net Zero 2050,World,AR6 climate diagnostics|Surface Temperature (GSAT)|MAGICCv7.5.3|50.0th Percentile,K,1.246644597,1.400313014,1.519837925,1.624603145,1.682712543,1.699526048,1.683768882,1.687929874,1.674292871,1.643561527,1.632369367,1.588638483,1.568703525,1.551310696,1.530058369,1.523582019,1.499659178
MESSAGEix-GLOBIOM 1.1-M-R12,Below 2°C,World,AR6 climate diagnostics|Surface Temperature (GSAT)|MAGICCv7.5.3|50.0th Percentile,K,1.233476803,1.387664199,1.52262914,1.633982871,1.708742815,1.754164464,1.796691607,1.800670295,1.810079525,1.786615817,1.784830818,1.753827373,1.732419627,1.712923427,1.695882273,1.691888612,1.675756946
MESSAGEix-GLOBIOM 1.1-M-R12,Current Policies,World,AR6 climate diagnostics|Surface Temperature (GSAT)|MAGICCv7.5.3|50.0th Percentile,K,1.233348066,1.385981194,1.49465554,1.619537547,1.737975222,1.841191239,1.955173509,2.033086284,2.127575517,2.200666448,2.294364845,2.37050213,2.465444758,2.560036834,2.656748692,2.770032387,2.867385026
MESSAGEix-GLOBIOM 1.1-M-R12,Delayed transition,World,AR6 climate diagnostics|Surface Temperature (GSAT)|MAGICCv7.5.3|50.0th Percentile,K,1.233345679,1.384765668,1.495162001,1.647395814,1.748890922,1.802239908,1.853219051,1.851856441,1.860092417,1.835094596,1.825255305,1.789499562,1.765762484,1.740927676,1.72613298,1.721927711,1.704117936
MESSAGEix-GLOBIOM 1.1-M-R12,Fragmented World,World,AR6 climate diagnostics|Surface Temperature (GSAT)|MAGICCv7.5.3|50.0th Percentile,K,1.233452743,1.385448641,1.495007649,1.638989095,1.755195773,1.829009759,1.910646108,1.936492544,1.971758017,1.977902747,2.002402406,2.001028726,2.017228704,2.030936672,2.048157012,2.078612953,2.090216549
MESSAGEix-GLOBIOM 1.1-M-R12,Low demand,World,AR6 climate diagnostics|Surface Temperature (GSAT)|MAGICCv7.5.3|50.0th Percentile,K,1.233487739,1.388701052,1.546913538,1.634772381,1.665123012,1.666097452,1.668856647,1.631171088,1.608588287,1.562157426,1.542028671,1.496799259,1.483686092,1.470491538,1.457046615,1.453973616,1.433924613
MESSAGEix-GLOBIOM 1.1-M-R12,Nationally Determined Contributions (NDCs),World,AR6 climate diagnostics|Surface Temperature (GSAT)|MAGICCv7.5.3|50.0th Percentile,K,1.233587844,1.3871249,1.495619807,1.619657008,1.725101534,1.807803258,1.896615625,1.941840313,2.000837952,2.040775464,2.103059638,2.132202769,2.179769513,2.220058457,2.26035747,2.307847775,2.329069901
MESSAGEix-GLOBIOM 1.1-M-R12,Net Zero 2050,World,AR6 climate diagnostics|Surface Temperature (GSAT)|MAGICCv7.5.3|50.0th Percentile,K,1.233487739,1.388276684,1.532477939,1.612872771,1.6443019,1.644960746,1.643895751,1.605251788,1.581487598,1.540437632,1.525043525,1.492318078,1.479466051,1.466935619,1.456963636,1.459174518,1.444727641
REMIND-MAgPIE 3.2-4.6,Below 2°C,World,AR6 climate diagnostics|Surface Temperature (GSAT)|MAGICCv7.5.3|50.0th Percentile,K,1.232989081,1.384420854,1.49258092,1.606450364,1.671556892,1.704935258,1.730578454,1.725768349,1.73146418,1.71184878,1.718893995,1.705356746,1.705949951,1.705656585,1.703571582,1.707691533,1.689041073
REMIND-MAgPIE 3.2-4.6,Current Policies,World,AR6 climate diagnostics|Surface Temperature (GSAT)|MAGICCv7.5.3|50.0th Percentile,K,1.232565705,1.38246443,1.484907483,1.610927927,1.72566957,1.83415326,1.95988508,2.049495445,2.156420891,2.24510811,2.351659689,2.435430913,2.52969514,2.61709381,2.69202816,2.774656828,2.836346391
REMIND-MAgPIE 3.2-4.6,Delayed transition,World,AR6 climate diagnostics|Surface Temperature (GSAT)|MAGICCv7.5.3|50.0th Percentile,K,1.232361025,1.382470836,1.488170772,1.613663725,1.71364921,1.756200433,1.768267919,1.740732016,1.736188443,1.705116569,1.706003602,1.677322496,1.668749313,1.653570099,1.642364818,1.641263283,1.622206651
REMIND-MAgPIE 3.2-4.6,Fragmented World,World,AR6 climate diagnostics|Surface Temperature (GSAT)|MAGICCv7.5.3|50.0th Percentile,K,1.232596417,1.382541498,1.484962979,1.608644529,1.720045499,1.807009069,1.89042531,1.936375027,1.992089397,2.023762266,2.081167849,2.110188427,2.157347466,2.19878088,2.23552781,2.284161418,2.309649902
REMIND-MAgPIE 3.2-4.6,Low demand,World,AR6 climate diagnostics|Surface Temperature (GSAT)|MAGICCv7.5.3|50.0th Percentile,K,1.233631052,1.390534076,1.496271656,1.562749553,1.560701319,1.523472593,1.488090396,1.412566078,1.366115342,1.302916901,1.269951947,1.221644698,1.192970196,1.165113537,1.138387118,1.122932515,1.091990301
REMIND-MAgPIE 3.2-4.6,Nationally Determined Contributions (NDCs),World,AR6 climate diagnostics|Surface Temperature (GSAT)|MAGICCv7.5.3|50.0th Percentile,K,1.232527127,1.382129517,1.485023439,1.606838918,1.694157071,1.762081083,1.832483869,1.870462983,1.930716418,1.960853021,2.017176725,2.037606915,2.073721682,2.104387672,2.120028047,2.153576171,2.169448864
REMIND-MAgPIE 3.2-4.6,Net Zero 2050,World,AR6 climate diagnostics|Surface Temperature (GSAT)|MAGICCv7.5.3|50.0th Percentile,K,1.233277929,1.386812254,1.492717452,1.574594534,1.589657701,1.578013522,1.576715204,1.529685288,1.505677258,1.466126187,1.462924364,1.427212693,1.411092955,1.384205584,1.363001617,1.356823075,1.33044744
REMIND-MAgPIE 3.2-4.6 IntegratedPhysicalDamages (95th-high),Below 2°C,World,AR6 climate diagnostics|Surface Temperature (GSAT)|MAGICCv7.5.3|50.0th Percentile,K,1.23311582,1.385164013,1.493938986,1.595069271,1.639900988,1.659229946,1.678336234,1.671311183,1.678874405,1.662555265,1.672971788,1.656133438,1.662262344,1.658009424,1.651628348,1.655380767,1.637844119
REMIND-MAgPIE 3.2-4.6 IntegratedPhysicalDamages (95th-high),Current Policies,World,AR6 climate diagnostics|Surface Temperature (GSAT)|MAGICCv7.5.3|50.0th Percentile,K,1.232564255,1.382222056,1.483863448,1.608987284,1.721955209,1.82734204,1.945481382,2.027755247,2.130437701,2.212218401,2.314559726,2.390746485,2.480933631,2.560484693,2.629691265,2.707484788,2.761394642
REMIND-MAgPIE 3.2-4.6 IntegratedPhysicalDamages (95th-high),Delayed transition,World,AR6 climate diagnostics|Surface Temperature (GSAT)|MAGICCv7.5.3|50.0th Percentile,K,1.232359576,1.382230384,1.48730527,1.611180246,1.701497648,1.733268807,1.741980546,1.71642951,1.7131653,1.683044286,1.685844201,1.657889017,1.651419617,1.637016944,1.62645014,1.626567258,1.606249606
REMIND-MAgPIE 3.2-4.6 IntegratedPhysicalDamages (95th-high),Fragmented World,World,AR6 climate diagnostics|Surface Temperature (GSAT)|MAGICCv7.5.3|50.0th Percentile,K,1.232901214,1.384728372,1.493085476,1.615113425,1.703683817,1.745555648,1.772219949,1.761742378,1.769654551,1.755308724,1.762804473,1.75273583,1.752988215,1.747308507,1.743743842,1.748957823,1.734619326
REMIND-MAgPIE 3.2-4.6 IntegratedPhysicalDamages (95th-high),Low demand,World,AR6 climate diagnostics|Surface Temperature (GSAT)|MAGICCv7.5.3|50.0th Percentile,K,1.233676694,1.391541627,1.494183555,1.556510082,1.551196973,1.515319166,1.481607374,1.40969441,1.36705034,1.307269109,1.279771993,1.233539278,1.208205309,1.181270948,1.156023997,1.13988575,1.10863242
REMIND-MAgPIE 3.2-4.6 IntegratedPhysicalDamages (95th-high),Nationally Determined Contributions (NDCs),World,AR6 climate diagnostics|Surface Temperature (GSAT)|MAGICCv7.5.3|50.0th Percentile,K,1.233873675,1.386722793,1.49524321,1.619189972,1.71213199,1.776281151,1.848212988,1.879551268,1.934757926,1.967039541,2.017312018,2.036726278,2.070092283,2.093599355,2.107995803,2.137415544,2.148961257
REMIND-MAgPIE 3.2-4.6 IntegratedPhysicalDamages (95th-high),Net Zero 2050,World,AR6 climate diagnostics|Surface Temperature (GSAT)|MAGICCv7.5.3|50.0th Percentile,K,1.233285286,1.386737657,1.492599607,1.571872284,1.584095332,1.573913818,1.574292515,1.530571237,1.508174226,1.468710461,1.466214016,1.43146738,1.414583797,1.386850702,1.364394693,1.356335906,1.329282771
REMIND-MAgPIE 3.2-4.6 IntegratedPhysicalDamages (median),Below 2°C,World,AR6 climate diagnostics|Surface Temperature (GSAT)|MAGICCv7.5.3|50.0th Percentile,K,1.232946355,1.383928792,1.492539781,1.603347276,1.663057935,1.69258108,1.717223442,1.716620422,1.725226562,1.708525974,1.716932921,1.705516446,1.706521403,1.70759944,1.706350052,1.712173642,1.69461412
REMIND-MAgPIE 3.2-4.6 IntegratedPhysicalDamages (median),Current Policies,World,AR6 climate diagnostics|Surface Temperature (GSAT)|MAGICCv7.5.3|50.0th Percentile,K,1.23265404,1.385016931,1.492995164,1.627084716,1.751706842,1.86492467,1.997687982,2.094682859,2.210044043,2.299896715,2.416197894,2.498854203,2.602963177,2.692075247,2.779415155,2.867520052,2.927525994
REMIND-MAgPIE 3.2-4.6 IntegratedPhysicalDamages (median),Delayed transition,World,AR6 climate diagnostics|Surface Temperature (GSAT)|MAGICCv7.5.3|50.0th Percentile,K,1.232361367,1.382348931,1.487577439,1.611385304,1.705564274,1.746982972,1.760049383,1.734882451,1.731398047,1.700579277,1.703112846,1.675070191,1.667380468,1.653445508,1.642352355,1.641929015,1.623526543
REMIND-MAgPIE 3.2-4.6 IntegratedPhysicalDamages (median),Fragmented World,World,AR6 climate diagnostics|Surface Temperature (GSAT)|MAGICCv7.5.3|50.0th Percentile,K,1.233823357,1.387610933,1.498980376,1.625816401,1.729139169,1.792229803,1.850228767,1.859173639,1.891815342,1.90297282,1.931536038,1.935547102,1.951682159,1.962854417,1.970115517,1.987460323,1.986936347
REMIND-MAgPIE 3.2-4.6 IntegratedPhysicalDamages (median),Low demand,World,AR6 climate diagnostics|Surface Temperature (GSAT)|MAGICCv7.5.3|50.0th Percentile,K,1.233641392,1.390103322,1.493229129,1.558406107,1.55550817,1.518038181,1.484141069,1.410005657,1.364323554,1.301549636,1.268870258,1.219502451,1.190420367,1.161358047,1.134434655,1.117356066,1.0855292
REMIND-MAgPIE 3.2-4.6 IntegratedPhysicalDamages (median),Nationally Determined Contributions (NDCs),World,AR6 climate diagnostics|Surface Temperature (GSAT)|MAGICCv7.5.3|50.0th Percentile,K,1.232533292,1.382282032,1.485119932,1.606516666,1.693221055,1.761099882,1.830522448,1.866876018,1.925738949,1.954763983,2.010838232,2.029609101,2.065709092,2.094404815,2.108039178,2.141836752,2.157766594
REMIND-MAgPIE 3.2-4.6 IntegratedPhysicalDamages (median),Net Zero 2050,World,AR6 climate diagnostics|Surface Temperature (GSAT)|MAGICCv7.5.3|50.0th Percentile,K,1.233283478,1.386081837,1.490209704,1.570658423,1.585479803,1.574574051,1.574087586,1.527938609,1.504438195,1.464819502,1.461631773,1.425828526,1.408686099,1.382383841,1.36081282,1.353221651,1.326697214
